sample_id,national_id,English_Name,Chinese_Name,Personal_Name,Specialty,Positivity,Culture,Location,Ambiance,Pun_Creative,Romanized
2094,9870,Little Alley,弄堂,0,0,0,0,0,1,0,0
1724,13697,New China Buffet,中,0,1,0,0,1,0,0,0
2841,28810,MImian,迈面,0,0,0,0,0,0,0,1
3119,9756,Bamboo Garden,竹园,0,0,0,1,0,1,0,0
1223,29370,China Cafe,中国楼,0,0,0,0,1,1,0,0
1241,17588,House of Chen,陈家园,1,0,0,0,0,1,0,0
1068,16174,China Fun,黄石酒家,0,0,0,0,1,0,0,0
337,5610,Sang Kee Peking Duck,生记烧腊,1,1,0,0,1,0,0,0
3968,2544,Peking Restaurant,北京,0,0,0,0,1,0,0,0
2219,28797,Sichuan House,四川,0,0,0,0,1,1,0,0
773,11503,Tasty & Co,好味屋,0,0,1,0,0,0,0,0
1660,16560,Peking Gardens West,北京,0,0,0,0,1,1,0,0
1018,3960,China Dragon,华龙,0,0,0,1,1,0,0,0
3983,26917,Hong Kong BBQ Restaurant,祥发烧腊小馆,0,1,0,0,1,0,0,0
2521,18068,New China Restaurant,"
新中华",0,0,0,0,1,0,0,0
2980,15640,China Garden,华苑,0,0,0,0,1,1,0,0
551,16731,JS Chinese Restaurant,喜来居,0,0,0,0,1,0,0,0
1055,3860,Taipei Tokyo,南北和,0,0,0,0,1,0,0,0
2240,16735,Ah Chun Shandong Dumplings,"阿纯山东饺子
",1,1,0,0,1,0,0,0
3759,9276,Legend 72,蜀留香,0,0,1,0,0,0,0,0
3277,26711,LuDingJi Rice Noodle City of Industry,禄鼎记,0,1,0,0,0,0,0,1
3135,24817,Bei Jing | Hot Pot & Asian Cuisine,迷你涮涮锅,0,1,0,0,1,0,0,0
422,11339,Spicy Asian,川味坊,0,0,0,0,1,0,0,0
2811,15306,Twin Dragon,双龙,0,0,0,1,0,0,0,0
3990,22603,YinTang Spicy Hot Pot,隐烫,0,1,0,0,0,0,0,1
1652,5334,Shanghai Osaka Restaurant,辣魅,0,0,0,0,1,0,0,0
2767,2547,Bamboo Star,华星,0,0,1,1,0,0,0,0
174,8393,King Taste Restaurant,味中味,0,0,1,0,0,0,0,0
487,24871,Hong Kong Express,香港,0,0,0,0,1,0,0,0
3476,16585,Hunan Garden,湖南苑,0,0,0,0,1,1,0,0
1225,8561,China Pagoda Halal Restaurant,中国宝塔,0,0,0,1,1,0,0,0
2042,17558,Shan Dong,山东饭店,0,0,0,0,1,0,0,0
2575,578,Hong Kong Chinese Food,香港,0,0,0,0,1,0,0,0
1272,14995,Kung Pao Wok,宫宝,0,1,0,0,0,0,0,0
3940,26389,Peking Restaurant,永盛园,0,0,0,0,1,0,0,0
1954,3171,New China,新华,0,0,0,0,1,0,0,0
910,22486,Lam's Kitchen,林记粥粉面,1,0,0,0,0,1,0,0
2195,4969,China Wok Express,永旺楼,0,1,0,0,1,0,0,0
1358,23276,China Villa,华村,0,0,0,0,1,1,0,0
3600,7202,Chin's Restaurant,好好,1,0,0,0,0,0,0,0
3197,31641,Beijing Chinese Restaurant,北京,0,0,0,0,1,0,0,0
768,524,Golden Wok,金源,0,1,1,0,0,0,0,0
1613,29173,China Lee,华利,1,0,0,0,1,0,0,0
2860,28795,En Lai Chinese Kitchen,恩来,1,0,0,0,1,1,0,0
2175,9290,King House,皇宫,0,0,1,0,0,1,0,0
122,23045,Darda Seafood Restaurant,清真一条龙,1,1,0,0,0,0,0,0
1430,765,Mei Chang Take Out Food,美津,1,0,0,0,0,0,0,0
3398,25850,Din Ding Dumpling House Union City,鼎顶,0,1,0,0,1,1,0,1
2619,16615,China Restaurant,中,0,0,0,0,1,0,0,0
1775,26730,Emperor Palace Restaurant,"海富海鲜酒家
",0,0,1,0,0,1,0,0
3783,8447,Fu Lin,福临,0,0,0,0,0,0,0,1
1797,9367,New Gourmet House,佳味楼,0,0,1,0,0,1,0,0
3646,19004,China Chef,华府,0,0,1,0,1,0,0,0
3192,30797,"Lao Szechuan Hot Pot Buffet, all you can eat sushi",老四川,0,1,0,0,1,0,0,0
3174,5356,Chen's Garden,陈家园,1,0,0,0,0,1,0,0
855,16268,China Garden Restaurant,华园,0,0,0,0,1,1,0,0
2075,25369,Goldan Yan Restaurant,金苑酒家,1,0,1,0,0,0,0,0
2135,17802,Great Taste,美味,0,0,1,0,0,0,0,0
1791,10705,De Tasty Hot Pot Restaurant,故乡味火锅,0,1,1,0,0,0,0,0
672,14599,You Like Skewers,友来客,0,1,1,0,0,0,0,0
784,3649,Mayflower Chinese Restaurant & Carryout,五月花,0,0,0,1,1,0,0,0
2789,23088,Homestyle Dim Sum Restaurant,来来点心,0,1,0,0,0,1,0,0
3998,9128,Dragon Palace,龙宫,0,0,0,1,0,1,0,0
2705,4648,Dumpling Palace,"南北和
",0,1,0,0,0,1,0,0
4023,5649,Siu Kee Duck House,赵记烧腊,1,1,0,0,0,1,0,0
1208,29934,King's Wok,怡嘉,0,1,1,0,0,0,0,0
734,16348,Yum Yum Kitchen Chinese Cuisine,食为天,0,0,1,0,1,1,0,0
1628,3327,China Taste,华味,0,0,0,0,1,0,0,0
1558,1869,Beijing Cafe,北京城,0,0,0,0,1,1,0,0
934,10906,Sam Lee Kitchen,顺利,1,0,0,0,0,1,0,0
3341,9698,Happy Kitchen,好运,0,0,1,0,0,1,0,0
2661,19533,China Lin,林园,1,0,0,0,1,0,0,0
117,10916,No.1 Flower Drum House,花鼓楼,0,0,1,1,0,1,0,0
2713,6543,Chan's,"
榕城",1,0,0,0,0,0,0,0
3835,26738,Dumpling Specialist,岚翔小馆,0,1,1,0,0,0,0,0
2039,26344,Harbin Dumplings,哈尔滨饺子,0,1,0,0,1,0,0,0
3543,32073,China House,江旺,0,0,0,0,1,1,0,0
1661,3403,Ming Lee Chinese Restaurant,"明利楼
",1,0,0,0,1,0,0,0
3971,13295,Happy Garden Chinese Restaurant,锦煌,0,0,1,0,1,1,0,0
1115,5547,Annie Chen's Sushi Bar & Grill,扬州陈餐馆,1,1,0,0,0,0,0,0
4021,10972,Kam Sheng,金城,0,0,0,0,0,0,0,1
2755,30793,Kowloon | Chinese Restaurant,"
九龙",0,0,0,0,1,0,0,0
2874,17942,China One #3,容家餐馆,0,0,0,0,1,0,0,0
2532,14384,No 1 Restaurant,天旺,0,0,1,0,0,0,0,0
2414,24660,New Big Daddy's,味之选,0,0,0,0,0,1,0,0
3839,3254,Ping's Place,大华小吃,1,0,0,0,0,1,0,0
2256,4796,Chow n Joy,厨乐,0,0,0,0,0,0,1,0
2460,25848,Gourmet House,万豪轩酒家,0,0,1,0,0,1,0,0
1780,11556,Hip Wo,协和,0,0,0,0,0,0,0,1
423,27793,Peking Garden,京园,0,0,0,0,1,1,0,0
2918,8356,Kawah Chinese Restaurant,"
嘉华",0,0,0,0,1,0,0,1
2708,23593,Long's Kitchen,"
湘味馆",1,0,0,0,0,1,0,0
1589,32648,Taste Place,品味,0,0,0,0,0,1,0,0
3524,13364,Yan's Cuisine,焱,1,0,0,0,0,0,0,0
1183,31601,Jess Cafe,广美,1,0,0,0,0,1,0,0
1814,33115,Grand Fortune,聚福轩,0,0,1,0,0,0,0,0
657,30598,New Asian Ju Yuan,聚园,0,0,0,0,1,0,0,1
2541,13771,China Wok,中城,0,1,0,0,1,0,0,0
399,11884,South of the Clouds,云之南,0,0,0,0,1,0,0,0
3098,13745,China Kitchen,华厨,0,0,0,0,1,1,0,0
3080,29775,China House,京城,0,0,0,0,1,1,0,0
1642,26428,Tofu King,"臭豆腐大王
",0,1,1,0,0,0,0,0
2997,16270,Golden Ocean Chinese Restaurant,金海湾,0,0,1,0,1,0,0,0
1151,228,Great Wall Chinese Restaurant,长城,0,0,0,1,1,0,0,0
1459,30826,Twin Dragon,双龙,0,0,0,1,0,0,0,0
2568,17093,China Wok,中国锅,0,1,0,0,1,0,0,0
797,21168,Hunan Express,湖南,0,0,0,0,1,0,0,0
2936,632,CHINA DELIGHT CHINESE FOOD,中华,0,0,1,0,1,0,0,0
2794,19531,Family Garden Chinese Restaurant,"
家园",0,0,0,0,1,1,0,0
2630,15528,Sunflower Asian Cafe,扬州馆,0,0,0,0,1,0,0,0
1498,30099,Lin's Garden,林园,1,0,0,0,0,1,0,0
2091,21930,Yummy House,美味居,0,0,1,0,0,1,0,0
3855,10072,Jing Fong,金丰酒家,0,0,0,0,0,0,0,1
3895,6874,Taste King,华冠,0,0,1,0,0,0,0,0
2469,17450,Hunan,湖南,0,0,0,0,1,0,0,0
1690,618,China Wok,昌兴,0,1,0,0,1,0,0,0
2516,5437,Great Wall Szechuan House,长城,0,0,0,1,1,1,0,0
301,21801,J'S RAILROAD CAFE,万祥,1,0,0,0,0,1,0,0
3440,582,Dragon Cuisine,龙之味,0,0,0,1,0,0,0,0
2002,24242,Peach Garden,桃园村,0,0,0,0,0,1,0,0
142,27496,China Wok,松竹楼餐馆,0,1,0,0,1,0,0,0
2964,0,Happy Wok,快乐餐馆,0,1,1,0,0,0,0,0
3896,21148,China Garden of Tunica,中国酒家,0,0,0,0,1,1,0,0
1785,616,King Buffet,帝苑,0,1,1,0,0,0,0,0
181,22063,China Buffet,食,0,1,0,0,1,0,0,0
2643,17167,Asia Kitchen,福临门,0,0,0,0,1,1,0,0
362,32394,Five Star China Garden,华园,0,0,1,0,1,1,0,0
1909,22005,Northern Cafe,颐丰园,0,0,0,0,1,1,0,0
3173,6700,Be Happy Chinese Restaurant,大家乐,0,0,1,0,1,0,0,0
1567,17899,Cheng's Garden,陈家园,1,0,0,0,0,1,0,0
2225,22244,Frying Fish,沸腾渔乡,0,1,0,0,0,0,0,0
3253,2497,Sunflower,日升,0,0,0,0,0,0,0,0
3522,16581,Chinese Kitchen,"华厨快餐
",0,0,0,0,1,1,0,0
146,808,Yummy House Gainesville,美食轩,0,0,1,0,1,1,0,0
1101,2420,Taste of China,乐园,0,0,0,0,1,0,0,0
2585,18973,Taste of China,中味餐厅,0,0,0,0,1,0,0,0
3477,23461,Red Panda Kit,上海人家,0,0,0,1,0,0,0,0
1784,3434,Yeung's,杨城楼,1,0,0,0,0,0,0,0
3455,14942,Asian BBQ & Noodle,松记烧腊车仔面,0,1,0,0,1,0,0,0
1591,24959,Noodle or Rice,面饭世家,0,1,0,0,0,0,0,0
3137,24128,New Flavors,新口味,0,0,0,0,0,0,0,0
984,28983,Tsou's Place,邹,1,0,0,0,0,1,0,0
706,33022,Kung Po Buffet,宫宝,0,1,0,0,0,0,0,1
2945,21816,China Gourmet,中华饭店,0,0,1,0,1,0,0,0
534,7773,Happy Palace,乐宫,0,0,1,0,0,1,0,0
2273,16971,Master Wok,师傅锅,0,1,1,0,0,0,0,0
745,6093,Bo Wah Restaurant,宝华,0,0,0,0,0,0,0,1
1419,14202,Fu Jian Chinese Restaurant,富健,0,0,0,0,1,0,0,1
1021,31060,Silver Lake Chinese Restaurant,银湖,0,0,0,0,1,0,0,0
3617,21346,Lin's Kitchen,林,1,0,0,0,0,1,0,0
343,23468,Rice Garden Anchorage,丽苑,0,1,0,0,0,1,0,0
662,25464,Hot Wok Cafe,禾轩,0,1,0,0,0,1,0,0
2093,13429,Chong Qing House,重庆山庄,0,0,0,0,1,1,0,0
5,3208,Number One Chinese Restaurant,皇宫,0,0,1,0,1,0,0,0
847,5402,Little Bamboo Chinese Restaurant,竹轩,0,0,0,1,1,0,0,0
2973,28696,Great Wall,长城,0,0,0,1,0,0,0,0
1988,22660,Dumpling Kitchen,一品包饺王,0,1,0,0,0,1,0,0
3923,28135,Asian Star,亚洲星,0,0,1,0,1,0,0,0
2319,30667,New Fresh Wok,清香楼,0,1,1,0,0,0,0,0
1620,5675,Yang China House,杨家园,1,0,0,0,1,1,0,0
335,22089,Reng Hua,荣华,0,0,0,0,0,0,0,1
3560,23876,Golden Grill On the Bay,金龙湾,0,1,1,0,1,0,0,0
140,340,Ming Garden Chinese Restaurant,明园,1,0,0,0,1,1,0,0
1095,31759,CHI Family Restaurant,真善美,1,0,0,0,0,1,0,0
1871,29557,Peking Kitchen,日升,0,0,0,0,1,1,0,0
3590,9260,Changle Xin Fan Zhuang,松柏园,0,0,0,0,0,0,0,1
559,2653,Mr. Wonton,长江,0,1,0,0,0,0,1,0
3247,29098,Jade Tiki Chinese Restaurant,翠宫,0,0,1,0,1,0,0,0
3337,14590,Wei's Garden,吉园,1,0,0,0,0,1,0,0
81,16596,Won Won Wok,旺旺,0,1,0,0,0,0,1,0
3720,13692,Chinese Express,金门,0,0,0,0,1,0,0,0
3169,15838,Golden Bridge Chinese Restaurant,金桥,0,0,1,0,1,0,0,0
162,27932,HONG KONG RESTAURANT,香港酒家,0,0,0,0,1,0,0,0
562,17197,New Asia Restaurant,亚洲,0,0,0,0,1,0,0,0
2965,21329,House of Nanking,南京小馆,0,0,0,0,1,1,0,0
3997,4989,Tao's Asian Cuisine,陶,1,0,0,0,1,0,0,0
111,26874,Tasty Delight,厨之味,0,0,1,0,0,0,0,0
1732,9663,Great China Kitchen,"
华美",0,0,1,0,1,1,0,0
1537,22499,On Dong Chinese Restaurant,安东饭店,0,0,0,0,1,0,0,1
1726,22491,Lee Ho Fook Restaurant,"
利口福饭店",0,0,0,0,0,0,0,1
2584,28417,Hong Kong Restaurant,香港,0,0,0,0,1,0,0,0
1014,24359,Golden Palace Seafood Restaurant,大鸿运酒楼,0,1,1,0,0,1,0,0
1320,15753,Mandarin Pine Restaurant,双华,0,0,0,0,1,0,0,0
2795,22623,Cozy Cafe,"大锅大卤味
",0,0,1,0,0,1,0,0
3488,32968,China Taste,美味,0,0,0,0,1,0,0,0
113,17220,China Harbor,中港城,0,0,0,0,1,1,0,0
552,3229,Great Wall,长城,0,0,0,1,0,0,0,0
3259,11094,Hunan House,湘水山庄,0,0,0,0,1,1,0,0
820,12735,New China,新中国,0,0,0,0,1,0,0,0
577,7704,Hunan Wok,湖南,0,1,0,0,1,0,0,0
1571,16749,Peking Garden Asian Cuisine,"
京园",0,0,0,0,1,1,0,0
3703,9193,Great Taste of Maple Shade Llc,强兴,0,0,1,0,0,0,0,0
1282,27324,Hong Kong Chinese Restaurant,香港,0,0,0,0,1,0,0,0
1168,6244,Dim Sum Court,苑,0,1,0,0,0,1,0,0
379,33158,Jade Palace Restaurant,玉宫,0,0,1,0,0,1,0,0
71,14864,City Lights of China,乐意饭店,0,0,0,0,1,0,0,0
3507,13096,New Sichuan,小四川,0,0,0,0,1,0,0,0
2201,14406,Peking Pavilion,玉亭,0,0,0,0,1,1,0,0
3659,4320,Lili's Restaurant,西安,1,0,0,0,0,0,0,0
1390,21604,Big Lantern,大灯笼,0,0,0,1,0,0,0,0
3047,29933,CHINA HOUSE,中华园,0,0,0,0,1,1,0,0
2443,1928,Shang Hai,上海,0,0,0,0,1,0,0,0
921,6743,Moy Fong Restaurant,梅芳,0,0,0,0,0,0,0,1
869,24451,Lin's Asian Bistro,林家园,1,0,0,0,1,1,0,0
2254,29617,House Of Chen,陈园,1,0,0,0,0,1,0,0
3862,5751,China Taste Restaurant,三多,0,0,0,0,1,0,0,0
1796,5486,Mayflower Chinese Carryout,五月花,0,0,0,1,1,0,0,0
1550,17294,Chen Z Noodle House,陈氏餐厅,1,1,0,0,0,1,0,0
236,5480,Hunan Dynasty,皇朝饭店,0,0,1,0,1,0,0,0
2488,3509,Bao Bao Dumpling House,包宝,0,1,0,0,0,0,0,1
202,2636,China Star,华星,0,0,1,0,1,0,0,0
308,30528,Keng's Chow Mein,金玉楼,1,1,0,0,0,0,0,0
1292,30897,China Star,福,0,0,1,0,1,0,0,0
2092,30078,Wong's Wok,寿,1,1,0,0,0,0,0,0
1052,586,Kampo Garden,金宝园,0,0,0,0,0,1,0,1
1113,3720,Eastern 88 Chinese Restaurant,东都,0,0,1,0,1,0,0,0
3294,6329,Chopstick Asian Cuisine,陆羽轩,0,0,0,1,1,0,0,0
455,29974,Rong Hua,荣华,0,0,0,0,0,0,0,1
1311,16002,Mandarin Dynasty,福隆酒家,0,0,1,0,1,0,0,0
1631,7749,Hop Hing Chinese Restaurant,合兴,0,0,0,0,1,0,0,1
2376,31900,Northern Cuisine,北味轩,0,0,0,0,1,0,0,0
3605,22496,Chengdu Taste,滋味成都,0,0,0,0,1,0,0,0
3380,4660,Wing's Kitchen,小南阁,1,0,0,0,0,1,0,0
2105,26500,Chef Chao Restaurant,喜来登,1,0,1,0,0,0,0,0
2071,10167,Foo On,福安,0,0,0,0,0,0,0,1
3281,17317,Cuisine Of China,龙园,0,0,0,0,1,0,0,0
3013,10222,King Wok Chinese Food,金华,0,1,1,0,1,0,0,0
3518,22111,Happy Sheep Hot Pot,小肥羊,0,1,1,0,0,0,0,0
831,22701,Acc Chinese Fast Food,中国小吃,0,0,0,0,1,0,0,0
3805,5556,New No 1,第一,0,0,1,0,0,0,0,0
3481,10555,New Main Moons,明月,0,0,0,0,0,0,0,0
3854,24266,E @ Cup,一张嘴,0,0,0,0,0,0,1,0
1594,28709,Mandarin House,富贵楼,0,0,0,0,1,1,0,0
1341,306,Pearl East,东海楼,0,0,1,0,1,0,0,0
941,16699,Cody Hong Kong Chinese Restaurant,香港,1,0,0,0,1,0,0,0
3622,28470,Gourmet House,"
美味城",0,0,1,0,0,1,0,0
816,13293,Ming Moon Chinese Restaurant,来来,0,0,0,0,1,0,0,0
1882,6666,Hung Tao,鸿涛,0,0,0,0,0,0,0,1
472,5449,Full Kee,富记,0,0,0,0,0,0,0,1
2017,12019,Simply Noodles,面,0,1,0,0,0,0,0,0
1153,11394,Good Chinese,谷,0,0,1,0,1,0,0,0
2621,10872,Red Tiger Dumpling House,"红虎饺子坊
",0,1,0,0,0,1,0,0
1171,9579,Green Tea Chinese,绿茶,0,0,0,1,1,0,0,0
278,19171,Royal Inn Oriental Cuisine,帝苑,0,0,1,0,1,1,0,0
3140,29338,Asian Grille Buffet,亚洲,0,1,0,0,1,0,0,0
497,24819,Joy Kitchen,翠香,0,0,1,0,0,1,0,0
620,18297,China Palace Restaurant,"汉宫酒家
",0,0,0,0,1,1,0,0
491,23477,Imperial Palace Restaurant,皇帝,0,0,1,0,0,1,0,0
1176,13991,Beijing Kitchen,北京厨房,0,0,0,0,1,1,0,0
3980,5365,Xiao Fei's Buffet,晓菲,1,1,0,0,0,0,0,0
1298,28332,New China Tea Garden Chop Suey,新茶园,0,1,0,1,1,1,0,0
1945,3619,Peking Court,北京阁,0,0,0,0,1,1,0,0
3820,5276,Ming Cheng,明城,0,0,0,0,0,0,0,1
1148,16570,Chin's Cafe,陈氏餐馆,0,0,0,0,0,0,0,0
1442,30845,New Asian Express,美味中国,0,0,0,0,1,0,0,0
2787,30964,Red Sun,红日,0,0,1,0,0,0,0,0
86,9921,China Pavillion,厨王,0,0,0,0,1,1,0,0
1123,19229,Woks it 2 U,爱福奉和,0,1,0,0,0,0,1,0
1099,30806,China Moon Restaurant,明月,0,0,0,0,1,0,0,0
1534,701,China City,正茂,0,0,0,0,1,1,0,0
609,7380,China Wok II,华园,0,1,0,0,1,0,0,0
3841,30849,Wonderful House,满福,0,0,1,0,0,1,0,0
1861,22631,Tofu King,臭豆腐大王,0,1,1,0,0,0,0,0
1585,33261,Mr. Hui's,东辉阁,1,0,0,0,0,0,0,0
2494,23835,Customize MaLaTang,夹捡成厨,0,1,0,0,0,0,0,0
458,13383,Great Taste Chinese Restaurant,珍馐阁,0,0,1,0,1,0,0,0
254,18322,King Mao,毛家村,1,0,1,0,0,0,0,0
4017,16011,Kawaii Sushi and Asian Cuisine - Peoria,美食家,0,1,0,0,1,0,0,0
3416,21924,Hong Kong Snack House,香港小食,0,1,0,0,1,1,0,0
2347,7138,China Moon,明月,0,0,0,0,1,0,0,0
2036,13506,Lieu's Chinese Bistro,泰华楼,1,0,0,0,1,1,0,0
2198,24543,Peking Tavern,北京楼,0,0,0,0,1,1,0,0
1893,18026,Grand Wall Chinese Restaurant,大城,0,0,0,1,1,0,0,0
109,559,China Taste,昌旺,0,0,0,0,1,0,0,0
735,26341,Hong Kong Garden Restaurant,香港园酒家,0,0,0,0,1,0,0,0
3275,20173,Lucky Bento V.I.P. Cuisine,小沈阳,0,1,1,0,0,0,0,0
453,30854,Shang Hai,上海,0,0,0,0,1,0,0,0
918,17833,Golden China Restaurant,金龙,0,0,1,0,1,0,0,0
1319,22191,Peking Palace Restaurant,北京楼,0,0,0,0,1,1,0,0
2130,24685,New China,新中国,0,0,0,0,1,0,0,0
141,26386,Uncle Yu's at the Vineyard,玉,1,0,0,0,0,1,0,0
3051,17464,Moon Star,月星,0,0,1,0,0,0,0,0
1376,16104,Peking | Chinese Restaurant,北京,0,0,0,0,1,0,0,0
3743,20250,Hometown Chinese Restaurant,君临,0,0,0,0,1,1,0,0
2364,13198,King's Wok Chinese Restaurant,东宫,0,1,1,0,1,0,0,0
2897,1238,China Star,华星,0,0,1,0,1,0,0,0
1323,30795,Golden Bowl Restaurant,金宝,0,0,1,0,0,0,0,0
2566,10298,Taste of China,美味宫,0,0,0,0,1,0,0,0
1764,19843,Chen Chen Chinese Buffet,陈陈,1,0,0,0,1,0,0,0
2913,2050,Wok N Roll,成功,0,1,0,0,0,0,1,0
93,16458,Treasure Pot,聚宝居,0,1,1,0,0,0,0,0
989,10059,Dim Sum Palace,金满庭粤菜馆,0,1,0,0,0,1,0,0
933,30471,China City,旺佳园,0,0,0,0,1,1,0,0
3420,22547,Taste of Village Chinese Restaurant,美味村,0,0,0,0,1,0,0,0
3938,5450,Golden China Chinese Restaurant,金羊,0,0,1,0,1,0,0,0
1244,22947,Ping Pong Chinese Cuisine,喜宴,0,0,0,1,1,0,0,0
590,19341,New China Buffet,新中华,0,1,0,0,1,0,0,0
42,22978,Momo Bistro,总舖师正宗台菜,0,1,0,0,0,1,0,0
2244,896,Empire Szechuan,"帝国
",0,0,1,0,1,0,0,0
511,30844,Jade Palace Restaurant,翡翠轩,0,0,1,0,0,1,0,0
2749,9341,Ah Law Kitchen,罗,1,0,0,0,0,1,0,1
3673,13077,Golden Dragon Restaurant,金龙,0,0,1,1,0,0,0,0
2862,23596,Noodology - Irvine,一碗粉,0,0,0,0,1,0,0,0
589,22067,Peking Restaurant,北京,0,0,0,0,1,0,0,0
1685,29299,China Palace Restaurant,新华,0,0,0,0,1,1,0,0
1752,5451,Jackey Cafe,"
成龙海鲜菜馆",1,0,0,0,0,1,0,0
1483,18106,Chinese American Restaurant,中美酒楼,0,0,0,0,1,0,0,0
1077,3398,Far East,远东,0,0,0,0,1,0,0,0
3213,4147,Garden Sea,海园,0,0,0,0,0,1,0,0
1699,2620,Chinese Kitchen,华厨,0,0,0,0,1,1,0,0
3627,5443,Wok and Roll,珍味楼餐馆,0,1,0,0,0,0,1,0
861,28922,Hot Pot Chen,火锅陈,1,1,0,0,0,0,0,0
2391,26146,Kang Kang Shau May Restaurant,康康小美,0,0,0,0,0,0,0,1
4007,23396,New Shanghai Restaurant,上海,0,0,0,0,1,0,0,0
2207,13585,Ocean City Restaurant,海城,0,0,0,0,0,1,0,0
3584,12278,Xing's Chef,兴,1,0,1,0,0,0,0,0
1479,9633,Ming's Garden,明园,1,0,0,0,0,1,0,0
1848,10281,China Jade,长盛,0,0,1,0,1,0,0,0
3367,18974,Grand Fortuna,京华,0,0,1,0,0,0,0,0
1975,30886,Rice Bowl Chinese Restaurant,饭碗,0,1,0,0,1,0,0,0
948,3058,Best BBQ Cantonese Cuisine,来记,0,1,1,0,1,0,0,0
503,7819,LaoWu Authentic ShangHai Dumpling,老吴上海小笼,1,1,0,0,1,0,0,0
465,2335,New China,新华,0,0,0,0,1,0,0,0
530,33070,King's Buffet,皇厨,0,1,1,0,0,0,0,0
512,547,Hing Wang Chinese Restaurant,兴旺,0,0,0,0,1,0,0,1
2551,12169,Great China,新大华,0,0,1,0,1,0,0,0
3966,13342,JAYD BUN,包子面煎饼,0,1,0,0,0,0,0,0
962,31432,Googoo's Table,琼龙,1,0,0,0,0,1,0,0
2734,24301,Mike's Hong Kong Bistro,"香港楼
",1,0,0,0,1,1,0,0
3643,22775,Yan's Garden,添雄楼,1,0,0,0,0,1,0,0
762,4339,Taipei Cuisine,台北风味,0,0,0,0,1,0,0,0
3946,19118,EggRoll Street,王大,0,1,0,0,0,1,0,0
252,10483,Super Kew Garden,皇厨,0,0,1,0,0,1,0,0
812,31645,Van Phat Chinese Restaurant,发文,0,0,0,0,1,0,0,0
489,29879,Jumbo Buffet,珍宝,0,1,0,0,0,0,0,0
392,16164,China Gourmet Longmont,知味坊,0,0,1,0,1,0,0,0
2883,13323,China Buffet,天坛,0,1,0,0,1,0,0,0
2136,9939,Sing Mee Kitchen,盛美,0,0,0,0,0,1,0,1
2801,12344,Golden China,金华,0,0,1,0,1,0,0,0
3286,30272,Imperial House Restaurant,颐和园,0,0,1,0,0,0,0,0
1351,10445,China King,大宏,0,0,1,0,1,0,0,0
3654,715,China Palace Restaurant,中国宫殿,0,0,0,0,1,1,0,0
2914,5429,Wokky's,华丽,1,0,0,0,0,0,1,0
2951,21892,Taste Of Sichuan Beaverton,四季飘香,0,0,0,0,1,0,0,0
2454,25131,San Gabriel,上流食府,0,0,0,0,1,0,0,0
3755,22568,Fu House Chinese Food and Sushi,福苑,0,1,0,0,1,1,0,0
177,3506,China Village,顺风楼,0,0,0,0,1,1,0,0
2542,10978,Bi Kitchen,必厨,0,0,0,0,0,1,0,1
72,20551,Panda House,熊猫,0,0,0,1,0,1,0,0
3393,22678,Bamboo Garden Restaurant,竹园,0,0,0,1,0,1,0,0
580,10299,Grand China,大华,0,0,1,0,1,0,0,0
1596,31991,Panda Chinese Restaurant,熊猫,0,0,0,1,1,0,0,0
1301,30888,China Garden Restaurant,华园,0,0,0,0,1,1,0,0
1429,16507,Bamboo Garden Asian Grille,紫竹林,0,1,0,1,1,1,0,0
1540,4933,Easton Lucky Corner,旺角,0,0,1,0,1,1,0,0
3467,16248,Mayflower Chinese Cuisine,五月花,0,0,0,1,1,0,0,0
2723,14998,Mr. Wong,老黄快餐,1,0,0,0,0,0,0,0
2815,25152,Bistro 1968,架势堂,0,0,0,0,0,1,0,0
2183,21335,City View Restaurant,景城,0,0,0,0,0,0,0,0
1991,25428,Metro Hong Kong Dessert and Milk Tea,地铁站奶茶,0,1,0,0,1,0,0,0
3878,6279,Shanghai Chinese Restaurant,上海,0,0,0,0,1,0,0,0
907,32642,J & I Chinese Kitchen,翡翠,0,0,0,0,1,1,0,0
1560,9546,How May Kitchen,味中味,0,0,0,0,0,1,0,1
1004,2883,New Hong Kong Restaurant,香港,0,0,0,0,1,0,0,0
95,4477,Number One Taste,聚仙楼,0,0,1,0,0,0,0,0
3788,25972,Lee's Chinese Restaurant,李氏餐馆,1,0,0,0,1,0,0,0
65,20864,New China,中国,0,0,0,0,1,0,0,0
1487,5560,Peking Palace Chinese Restaurant,北京楼,0,0,0,0,1,1,0,0
2650,11085,Wok King,华兴,0,1,1,0,0,0,0,0
3586,9285,No. 1 Chinese Kitchen,第一,0,0,1,0,1,1,0,0
3368,24556,Golden Lake Eatery,金湖酒家,0,0,1,0,0,1,0,0
3449,22670,Sichuan Style Restaurant,一品川湘,0,0,0,0,1,0,0,0
1441,25839,Yen Yen Chinese Cuisine,欣欣菜馆,0,0,1,0,1,0,0,1
456,27366,Wok & Roll,红宝,0,1,0,0,0,0,1,0
3712,23480,New Asia,亚洲,0,0,0,0,1,0,0,0
2357,8640,Golden Eagle Chinese Restaurant,金鹰,0,0,1,0,1,0,0,0
1309,8948,Far East Kitchen,东方,0,0,0,0,1,1,0,0
2032,22847,Golden Horse Restaurant,新金马餐馆,0,0,1,0,0,0,0,0
1758,19826,Famous Chinese Buffet,美味,0,1,1,0,1,0,0,0
2420,27070,China Red,红馆,0,0,0,0,1,0,0,0
692,6636,Golden Sea Chinese Restaurant,金海,0,0,1,0,1,0,0,0
3572,6338,Chu-Lee Gardens Bradford Chinese Restaurant,朱李园,1,0,0,0,1,1,0,1
1026,658,Tree Garden,松园,0,0,0,0,0,1,0,0
3791,28827,New China Gourmet,美食,0,0,1,0,1,0,0,0
2011,4498,Empire Buffet,帝国,0,1,1,0,0,0,0,0
3575,15362,Linh Nam Chinese Restaurant,岭南,0,0,0,0,1,0,0,1
3667,24388,New Noodle Garden Taiwanese Cuisine,"
政记牛肉面",0,1,0,0,1,1,0,0
925,8763,Great Wall Kitchen,长城,0,0,0,1,0,1,0,0
978,6529,Jing Fong,金丰,0,0,0,0,0,0,0,1
3316,5143,Great Wall,长城,0,0,0,1,0,0,0,0
3872,30651,Great Wall,长城,0,0,0,1,0,0,0,0
3177,13513,Little China Restaurant,中,0,0,0,0,1,0,0,0
3716,18287,Yummy Yummy Chinese Restaurant,好味,0,0,1,0,1,0,0,0
492,4223,China Cafe,中华,0,0,0,0,1,1,0,0
3491,7779,Wun Wu Chinese Kitchen,文武,0,0,0,0,1,1,0,1
3067,17005,Little Sichuan Cuisine,老熊川菜,0,0,0,0,1,0,0,0
417,5431,Lucky Wok,华园,0,1,1,0,0,0,0,0
3568,31104,June Heng Restaurant,津香,0,0,0,0,0,0,0,1
158,14280,Top's China,第一,0,0,1,0,1,0,0,0
3203,27758,Golden Mountain Restaurant,金山楼,0,0,1,0,0,0,0,0
1599,9350,China Pavilion,湖南,0,0,0,0,1,1,0,0
1243,10507,Tang's Garden,瑭园,1,0,0,0,0,1,0,0
68,24667,Chef's Wok,半岛海鲜酒家,0,1,1,0,0,0,0,0
3204,1425,First Wok,中餐百佳,0,1,1,0,0,0,0,0
2664,3172,Peking Chinese Restaurant,北京,0,0,0,0,1,0,0,0
3558,7964,Kosher Chinese Express,高美,0,1,0,0,1,0,0,0
3513,6710,Szechuan Express,国亨,0,0,0,0,1,0,0,0
3482,15575,Red 8,红粥面,0,0,1,0,0,0,0,0
2655,15108,China City Restaurant,华记,0,0,0,0,1,1,0,0
1972,17518,Great Wall,长城,0,0,0,1,0,0,0,0
3297,28715,J.W. Chen's,静静,1,0,0,0,0,0,0,0
2976,6691,Jade Palace Restaurant,翡翠园,0,0,1,0,0,1,0,0
1050,6855,Taste King Restaurant,好彩,0,0,1,0,0,0,0,0
166,17283,Asia Cafe,亚洲,0,0,0,0,1,1,0,0
1710,29720,China buffet,许氏金龙,0,1,0,0,1,0,0,0
1956,10360,Panda,熊猫,0,0,0,1,0,0,0,0
1650,28766,No 1 Chinese Restaurant,福,0,0,1,0,1,0,0,0
3588,27413,Golden China,金国,0,0,1,0,1,0,0,0
1228,13426,Ching Tao Restaurant,"青岛酒家
",0,0,0,0,1,0,0,1
1856,13370,Super Dragon,江子龙,0,0,1,1,0,0,0,0
1966,21678,Eat Time,休闲小站,0,0,0,0,0,0,0,0
134,4337,Big Fun Cafe,大茶饭,0,0,1,0,0,1,0,0
227,5915,Golden Dragon,中福,0,0,1,1,0,0,0,0
3314,32004,Moon Temple Chinese Restaurant,月宫,0,0,0,1,1,0,0,0
2972,5744,Red Tea House,新悦,0,0,0,1,0,1,0,0
317,16109,Wonderful Bistro,天仁居,0,0,1,0,0,1,0,0
1749,28449,GREAT WALL,长城,0,0,0,1,0,0,0,0
3549,17689,China Garden Restaurant,"
华园",0,0,0,0,1,1,0,0
3464,29752,China Moon Restaurant,"月华饭店
",0,0,0,0,1,0,0,0
294,12847,China One,新东庄,0,0,1,0,1,0,0,0
1502,5342,Highland China House,华园,0,0,0,0,1,1,0,0
3258,18840,China Garden,华园,0,0,0,0,1,1,0,0
2097,3372,Camden Island,康利,0,0,0,0,1,0,0,0
3166,16593,Golden Dragon Buffet,金龙酒家,0,1,1,1,0,0,0,0
2962,20239,China Dragon buffet,中国龙,0,1,0,1,1,0,0,0
2791,22595,No. 1 Express,快餐一号,0,0,1,0,0,0,0,0
3531,30371,Ming's Garden Chinese Restaurant,明厨,1,0,0,0,1,1,0,0
3056,3017,Grand China,中国,0,0,1,0,1,0,0,0
271,21231,No 1 Chinese Restaurant,第一,0,0,1,0,1,0,0,0
1439,32092,China Buffet,华园,0,1,0,0,1,0,0,0
2170,17527,Lee's Asian Fusion,川潮,1,0,0,0,1,0,0,0
2158,8570,Goody Restaurant,兴隆,0,0,1,0,0,0,0,0
3613,6654,Chen's Garden Chinese Restaurant,宏东,1,0,0,0,1,1,0,0
3797,665,Pinang Malaysian restaurant,马来餐馆,0,0,0,0,1,0,0,0
499,6625,China House,财源,0,0,0,0,1,1,0,0
1007,30858,Chinese Dragon Inc,腾龙阁,0,0,0,1,1,0,0,0
3816,5680,Dim Sum House by Jane G's - University City,"江南府
",1,1,0,0,1,0,0,0
3402,28486,China House,中国酒楼,0,0,0,0,1,1,0,0
2735,9498,Jade Garden,玉满堂,0,0,1,0,0,1,0,0
3190,3099,Wang's II Chinese Restaurant,王家园,1,0,0,0,1,0,0,0
2321,511,China Garden,华园,0,0,0,0,1,1,0,0
2969,20153,China House Chinese Restaurant,明月楼,0,0,0,0,1,1,0,0
269,18768,NEW CHINA BUFFET,新龙,0,1,0,0,1,0,0,0
272,31774,Wanda's Chinese Kitchen,万达楼,1,0,0,0,1,1,0,0
3697,7612,China Palace Restaurant,聚丰园,0,0,0,0,1,1,0,0
732,31275,Uncle Mao's Chinese Restaurant,真光,1,0,0,0,1,1,0,0
731,6176,Full House,聚满楼,0,0,1,0,0,1,0,0
1915,9421,YANHUANG Gourmet,炎黄美食,0,0,1,0,0,0,0,1
103,4695,Mandarin Restaurant,华明,0,0,0,0,1,0,0,0
508,15992,Beijing Buffet,北京,0,1,0,0,1,0,0,0
852,22513,Dew Drop Inn,京露,0,0,0,0,0,1,1,0
3489,15800,Chou's Kitchen,东北小厨,1,0,0,0,0,1,0,0
2843,13105,New China Chinese Restaurant,新中国,0,0,0,0,1,0,0,0
2356,8017,Ming's Garden,怡明园,1,0,0,0,0,1,0,0
2034,12840,Neuse River Chinese Restaurant,香港,0,0,0,0,1,0,0,0
2988,24216,HE&C Tea + Pot,和牛花园,0,1,0,0,0,0,0,0
3055,15955,China Grand Buffet,重云,0,1,1,0,1,0,0,0
1941,2242,Ho Ho Choy Chinese Restaurant,好彩,0,0,0,0,1,0,0,1
837,19854,Panda Palace,熊城,0,0,0,1,0,1,0,0
880,20695,Asian Garden,亚洲园,0,0,0,0,1,1,0,0
1182,8473,Yummy Taste Chinese Restaurant,山水亭,0,0,1,0,1,0,0,0
2124,5668,King Food Restaurant,鸿福,0,0,1,0,0,0,0,0
2912,5021,Mai Pearl,明珠,0,0,1,0,0,0,0,1
2872,15309,Dynasty Cafe,古为今用,0,0,1,0,0,1,0,0
3675,2885,Hai,海,0,0,0,0,0,0,0,1
323,20223,Noodle Master,面匠,0,1,1,0,0,0,0,0
858,26772,Peking Restaurant,北京,0,0,0,0,1,0,0,0
1681,8257,Hunan Royal,福来,0,0,1,0,1,0,0,0
2854,20954,Golden Dim Sum,黄金点心茶楼,0,1,1,0,0,0,0,0
848,213,Hong Kong Chinese Restaurant,香港,0,0,0,0,1,0,0,0
1132,23377,Won Kok Restaurant,华记,0,0,0,0,0,0,0,0
1463,9178,Golden Garden,金园,0,0,1,0,0,1,0,0
1112,10366,Qin-Fang Garden Restaurant,沁芳园,0,0,0,0,0,1,0,1
1368,16454,Heaven Dragon Arvada,天龙,0,0,1,1,1,0,0,0
1037,5974,North China,华北,0,0,0,0,1,0,0,0
660,6458,Hong Kong Restaurant,好运来,0,0,0,0,1,0,0,0
2673,16654,Great Wall,"
长城",0,0,0,1,0,0,0,0
1346,1759,China Star,华星,0,0,1,0,1,0,0,0
310,27196,Lucky House Restaurant,好好运,0,0,1,0,0,0,0,0
3052,30870,Far East Buffet,东方,0,1,0,0,1,0,0,0
815,27626,China Wok,龙城,0,1,0,0,1,0,0,0
3002,4441,North Garden,北苑,0,0,0,0,1,1,0,0
2992,8283,Golden Dynasty Chinese Takeout,金,0,0,1,0,1,0,0,0
1200,622,Jade Garden,翠园,0,0,1,0,0,1,0,0
2215,22693,Meet Qin Noodle,秦面坊,0,1,0,0,0,0,0,0
862,28279,Ming Chu,明珠,0,0,0,0,0,0,0,1
2473,21725,Powell's Seafood Restaurant,宝华海鲜酒家,1,1,0,0,0,0,0,0
4022,25932,Sam Woo BBQ,香港三和,0,1,0,0,0,0,0,1
2324,325,Great Wall Chinese Restaurant,长城,0,0,0,1,1,0,0,0
1759,10254,Golden Dragon Chinese Kitchen,金龙,0,0,1,1,1,0,0,0
2628,2174,Dragon Gate,龙苑,0,0,0,1,0,1,0,0
1688,2736,Bamboo Garden,竹园,0,0,0,1,0,1,0,0
1513,8756,Guan Long Restaurant,冠龙,0,0,0,0,0,0,0,1
3945,5338,China City,中国城,0,0,0,0,1,1,0,0
2548,18373,Hong Kong kitchen(near Westwego),香港,0,0,0,0,1,1,0,0
1303,26507,Chinese restaurant in Milton-Freewater Oregon,红茶园,0,0,0,0,1,0,0,0
160,22874,Capital,京都餐馆,0,0,0,0,0,0,0,0
2143,23979,New Char Siu House,华丰烧味,0,1,0,0,0,1,0,0
1213,23247,Blue Willow Restaurant,蓝杨,0,0,0,0,0,0,0,0
3729,17031,Szechuan,四川,0,0,0,0,1,0,0,0
2463,2712,Lucky Key & Fuji Ya,富士屋,0,0,1,1,0,0,0,0
2343,2011,China House,榕城,0,0,0,0,1,1,0,0
1456,9868,China Wok,皇朝,0,1,0,0,1,0,0,0
2600,16080,"Pop Pot & Tea (Chandler, AZ)",三妈嗅嗅锅,0,1,0,0,0,0,0,0
2641,32501,Peking Chinese Restaurant,北京,0,0,0,0,1,0,0,0
3239,22869,Jasmine Tea House,茶室,0,1,0,0,0,1,0,0
2956,31874,Peking House,北京园,0,0,0,0,1,1,0,0
1117,24756,Dim Sum Box,点心屋,0,1,0,0,0,0,0,0
3623,15665,Empire Buffet,皇廷,0,1,1,0,0,0,0,0
3339,3472,Yummy House,太子楼,0,0,1,0,0,1,0,0
1691,12537,Dragon Wok,飞龙,0,1,0,1,0,0,0,0
40,1130,TELY'S Chinese Restaurant,中菜泰利,1,0,0,0,1,0,0,0
2226,13378,Chan's Fine Oriental Dining,陈苑酒家,1,0,1,0,1,0,0,0
3302,474,Tung Hing Chinese Restaurant,东兴,0,0,0,0,1,0,0,1
3857,93,Butterfly Restaurant,蝴蝶亭,0,0,0,0,0,0,0,0
3597,10662,Panda III,熊猫,0,0,0,1,0,0,0,0
2457,29014,LAI LAI,来来,0,0,0,0,0,0,0,1
1672,7538,Meiwah,"华强酒家
",0,0,0,0,0,0,0,1
1157,6730,Fu Da Chinese Restaurant,富达,0,0,0,0,1,0,0,1
183,31524,Jade Palace,翡翠楼,0,0,1,0,0,1,0,0
872,25928,Beijing Garden,北京园,0,0,0,0,1,1,0,0
595,22041,Sakura Grill & Buffet,烧,0,1,0,1,0,0,0,0
2677,11581,Chef Hong II,"鸿顺楼
",1,0,1,0,0,0,0,0
1576,873,Dragon Phoenix Chinese Cuisine,龙凤,0,0,0,1,1,0,0,0
3180,19509,China Sea,明江,0,0,0,0,1,0,0,0
2813,6679,China II,升辉,0,0,0,0,1,0,0,0
2261,26019,Ho Ho Chinese Restaurant,好好,0,0,0,0,1,0,0,1
1476,19463,Tian An Men Square Wok & Grill,天,0,1,0,1,0,0,0,0
285,33181,Imperial Kitchen,御厨房,0,0,1,0,0,1,0,0
689,23545,Panda Noodle Bar,新宝龙面吧,0,1,0,1,0,1,0,0
3547,2145,Chifa Du Kang Bird Road - Peruvian Chinese Restaurant,杜康,0,0,0,0,1,0,0,1
1030,31168,Enlai 59 Chinese Restaurant,恩来,1,0,0,0,1,0,0,1
3561,25045,Nuodle Express,半一嘴,0,1,0,0,0,0,1,0
1616,20073,Papa Lee Chinese Restaurant,"巴巴李
",1,0,0,0,1,1,0,0
2611,11206,Lins Garden,林园,1,0,0,0,0,1,0,0
570,27625,Wen Wu Buffet,文武,0,1,0,0,0,0,0,1
47,18609,Dragon City,龙城,0,0,0,1,0,1,0,0
2076,33032,Spring of China,郑园,0,0,0,0,1,0,0,0
1663,24296,Harbor Village Cuisine,海港渔邨,0,0,0,0,0,1,0,0
277,31235,Mo's Chinese Kitchen,东豪轩,1,0,0,0,1,1,0,0
2050,8527,China Wok,中国城,0,1,0,0,1,0,0,0
579,2905,Urban Hai,都海,0,0,0,0,0,0,0,1
3027,1750,Jin Jin 88,公元前,0,0,1,0,0,0,0,1
250,12932,China king,中华,0,0,1,0,1,0,0,0
2466,29241,Wing On Chinese Restaurant,永安,0,0,0,0,1,0,0,1
1769,625,Tung Hsing House,东兴园,0,0,0,0,0,1,0,1
1450,24403,Little Lamb Hot Pot & BBQ,小尾羊,0,1,0,0,0,0,0,0
2401,17589,Golden City - Columbiana,金城,0,0,1,0,1,1,0,0
3331,27638,King Wah,京华,0,0,0,0,0,0,0,1
722,28196,Golden Crown Restaurant,金冠酒家,0,0,1,0,0,0,0,0
4018,21687,Tian Fu Seattle,天府春秋,0,0,0,0,1,0,0,1
3663,5187,Sunrise,明辉,0,0,1,0,0,0,0,0
3624,13988,Happy Garden,"
喜和园",0,0,1,0,0,1,0,0
3727,31171,Eat Rice,米,0,1,0,0,0,0,0,0
3283,3380,Chen's,陈氏,1,0,0,0,0,0,0,0
881,23117,Chef Lee's Mandarin House,雅叙园,1,0,1,0,1,1,0,0
1918,8522,Wah Chen Kitchen,华城,0,0,0,0,0,1,0,1
2546,28894,New Wing Hing,永兴,0,0,0,0,0,0,0,1
1668,15522,Chinatown Restaurant,华城小馆,0,0,0,0,1,0,0,0
3125,23594,Sichuan Impression,锦城里,0,0,0,0,1,0,0,0
898,471,Jia Mei Asian Kitchen,隹美,0,0,0,0,1,1,0,1
3780,21021,Chongqing Chicken Pot,重庆鸡公煲,0,1,0,0,1,0,0,0
3001,15048,Wong's Restaurant,黄黄,1,0,0,0,0,0,0,0
549,16724,Full House Chinese Restaurant,聚福楼,0,0,1,0,1,1,0,0
3903,10822,Asian Jewels,敦城海鲜酒家,0,0,1,0,1,0,0,0
2052,13670,Chinatown Restaurant,中国城,0,0,0,0,1,0,0,0
3149,12289,New Pan's Garden,潘园,1,0,0,0,0,1,0,0
2328,16086,Canton City Restaurant,广东楼,0,0,0,0,1,1,0,0
3095,30731,Pagoda,忘不了,0,0,0,1,0,0,0,0
3580,2761,Hong Kong Cafe,香港,0,0,0,0,1,1,0,0
2095,21368,Yongzi Ji Restaurant,勇仔记,0,0,0,0,0,0,0,1
3236,6179,Hop Sing,合诚,0,0,0,0,0,0,0,1
1993,12054,Cheong Hei,新长禧,0,0,0,0,0,0,0,1
3084,16383,Tae Heung Gak Chinese Restaurant,泰兴阁,0,0,0,0,1,0,0,1
774,32318,Yummy House,味,0,0,1,0,0,1,0,0
3209,27506,Hong Kong,香港,0,0,0,0,1,0,0,0
2062,282,Panda Garden,登园,0,0,0,1,0,1,0,0
480,6651,Lin's Garden,林家园,1,0,0,0,0,1,0,0
1352,15835,Chinatown Restaurant,华城,0,0,0,0,1,0,0,0
1198,5418,Chef Chen's,陈家园,1,0,1,0,0,0,0,0
527,8683,Lim Fongs,林芳,0,0,0,0,0,0,0,1
673,31108,Tony's Chinese & American Restaurant,中西,1,0,0,0,1,0,0,0
1339,3789,Chung Wah Restaurant,中华酒家,0,0,0,0,0,0,0,1
3387,29796,Shao Ting Guo,绍廷阁,0,0,0,0,0,0,0,1
2437,25373,Nanjing Duck House,南京盐水鸭,0,1,0,0,1,1,0,0
187,32586,Lao Peking Chinese Restaurant,老北京,0,0,0,0,1,0,0,1
1085,16880,Hunan Garden,湖南园,0,0,0,0,1,1,0,0
2680,28022,China Dragon,中国龙,0,0,0,1,1,0,0,0
3231,28621,China Wind,中国风,0,0,0,0,1,0,0,0
3943,22098,Seafood Town Chinese Restaurant,海鲜楼,0,1,0,0,1,1,0,0
4020,8646,Hunan Express,东升,0,0,0,0,1,0,0,0
369,2510,China Wok,中国,0,1,0,0,1,0,0,0
1868,11895,Ho Ming Kitchen,好明,0,0,0,0,0,1,0,1
1468,7344,CHINA WOK II,景然,0,1,0,0,1,0,0,0
3771,16638,China Chef,长城,0,0,1,0,1,0,0,0
2512,19609,Max Orient,锦绣中华,0,0,1,0,1,0,0,0
915,14675,Great Wall,长城,0,0,0,1,0,0,0,0
3133,29460,No.1 Chinese Restaurant,第一,0,0,1,0,1,0,0,0
818,31341,Mapo Restaurant,麻婆小馆,1,0,0,0,0,0,0,0
2165,27737,Great Taste Chinese Restaurant,飞腾,0,0,1,0,1,0,0,0
2982,5920,How Lee,好利,0,0,0,0,0,0,0,1
2216,4864,Peter Woo's,喜兴楼,1,0,0,0,0,0,0,0
494,659,Dragon City,龙城,0,0,0,1,0,1,0,0
3690,14390,Triple Eight 2,宏华,0,0,1,0,0,0,0,0
2429,14065,Miu Kee Cantonese Cuisine,苗记,0,0,0,0,1,0,0,1
3036,23208,Noodology,一碗粉,0,1,0,0,0,0,1,0
212,26652,The Noodle,面面店,0,1,0,0,0,0,0,0
2081,10133,Hua Rong,华榕,0,0,0,0,0,0,0,1
474,7768,Jade Garden restaurant,翠玉,0,0,1,0,0,1,0,0
2774,29042,Dynasty Chinese Food,朝代,0,0,1,0,1,0,0,0
3389,5350,Ming House,喜龙楼,0,0,0,0,0,1,0,0
516,14965,All season dinner,四季窝清粥小菜,0,0,0,0,0,0,0,0
1884,18286,Great wok,明兴,0,1,1,0,0,0,0,0
3574,4077,Golden Pavilion Restaurant,金亭,0,0,1,0,0,1,0,0
1350,32937,Panda To Go,熊猫,0,0,0,1,0,0,0,0
1835,2141,Canton Palace Chinese Restaurant,汉宫,0,0,0,0,1,1,0,0
3632,32950,Great Wall Chinese Restaurant,长城,0,0,0,1,1,0,0,0
2857,32342,China House Buffet,华楼,0,1,0,0,1,1,0,0
1444,30171,China Wok,明园,0,1,0,0,1,0,0,0
242,15615,China Cottage,龙凤,0,0,0,0,1,1,0,0
1449,25099,Golden Dragon Chinese Restaurant,金龙,0,0,1,1,1,0,0,0
3630,16269,Golden Palace Restaurant,金陵酒家,0,0,1,0,0,1,0,0
3370,22728,Long Xing Ji Juicy Dumpling,隆兴记无锡小笼包,0,1,0,0,0,0,0,1
3359,9263,King Wok,华隆,0,1,1,0,0,0,0,0
3724,31324,Darien Chop Suey,金城,0,1,0,0,0,0,0,0
1782,9848,88 China City,"
中国城",0,0,1,0,1,1,0,0
2782,10858,New Hong Kong Kitchen,香港,0,0,0,0,1,1,0,0
1973,5280,Spring Garden,恩来,0,0,0,0,0,1,0,0
2587,32189,Lulu Chinese Express,金满楼,1,0,0,0,1,0,0,0
1573,6588,Zhuang's Garden,庄园,1,0,0,0,0,1,0,0
1735,10750,CHINA WOK,华苑,0,1,0,0,1,0,0,0
622,30311,Golden Inn Restaurant,金华酒楼,0,0,1,0,0,1,0,0
130,13770,Golden Dragon II,金龙轩,0,0,1,1,0,0,0,0
3919,30206,Wei's Chinese Restaurant,韦,1,0,0,0,1,0,0,0
3888,31051,Hong Kong Chef Chinese,港龙,0,0,1,0,1,0,0,0
2383,4711,Gourmet House Asian Cuisine,福,0,0,1,0,1,1,0,0
2563,14219,Beijing On Grove,食,0,0,0,0,1,1,0,0
2276,18358,Sing Lay,胜利餐馆,0,0,0,0,0,0,0,1
1633,22050,Dumpling Inn & Shanghai Saloon,上海滩,0,1,0,0,1,1,0,0
553,29742,Hometown Szechuan,家乡四川,0,0,0,0,1,1,0,0
1647,5202,China House,香港,0,0,0,0,1,1,0,0
3107,19551,Dumpling King,元宝,0,1,1,0,0,0,0,0
1147,26953,Szechwan Palace Restaurant,天府,0,0,0,0,1,1,0,0
629,7249,Mandarin Garden,华园,0,0,0,0,1,1,0,0
3432,17537,Number 1 Chinese Food,第一家,0,0,1,0,1,0,0,0
2711,31032,No.1 Kitchen,小麦田,0,0,1,0,0,1,0,0
198,9975,Tengs Restaurant,邓,1,0,0,0,0,0,0,0
3653,32248,China House,美味,0,0,0,0,1,1,0,0
3514,27961,China Garden,郑记,0,0,0,0,1,1,0,0
1024,6688,New Great Wall,新长城,0,0,0,1,0,0,0,0
2481,5298,Imperial Palace Restaurant,皇宮,0,0,1,0,0,1,0,0
2471,21347,Imperial Palace,皇宫酒楼,0,0,1,0,0,1,0,0
1838,8441,China House,中国城,0,0,0,0,1,1,0,0
3087,11801,New Panda,新熊猫,0,0,0,1,0,0,0,0
2823,13028,China King,皇城,0,0,1,0,1,0,0,0
3581,6360,China Express,中城,0,0,0,0,1,0,0,0
1209,7956,No. 1,如意,0,0,1,0,0,0,0,0
3470,16123,Red Dragon Chinese Bistro,龙,0,0,0,1,1,1,0,0
2478,28811,Happy Kitchen,喜洋洋,0,0,1,0,0,1,0,0
3403,10294,King Garden,京城,0,0,1,0,0,1,0,0
436,31838,Panda House,熊猫,0,0,0,1,0,1,0,0
994,13289,China Gourmet,味中味,0,0,1,0,1,0,0,0
3459,23017,Golden Dragon Restaurant,龙酒家,0,0,1,1,0,0,0,0
2047,27955,China Dragon,龙城,0,0,0,1,1,0,0,0
1166,12407,China House,华城,0,0,0,0,1,1,0,0
3562,16360,Dragon Wall Restaurant,龙城,0,0,0,1,0,0,0,0
2495,16060,Shanghai Village Downtown,香园,0,0,0,0,1,1,0,0
3976,436,Hong Kong Chinese Restaurant,香港,0,0,0,0,1,0,0,0
2922,21546,Yue Huang Restaurant,"
粤煌",0,0,0,0,0,0,0,1
3687,12203,Empire King,帝王,0,0,1,0,0,0,0,0
1330,5201,North Hot Pot,北方火锅,0,1,0,0,1,0,0,0
3106,23719,Treasure Dragon,宝龙,0,0,1,1,0,0,0,0
2601,27327,K House,小葵家,0,0,0,0,0,1,0,0
3272,17825,China Queen Buffet,中华,0,1,1,0,0,0,0,0
3182,10838,Main Moon,明月,0,0,0,0,0,0,0,0
2197,7597,China Kitchen,明亮,0,0,0,0,1,1,0,0
3754,24884,E PLUS STUDIO Karaoke & Asian Bistro,煎饼胡同,0,0,0,0,1,1,0,0
613,23841,Little Sichuan Restaurant,福恩园,0,0,0,0,1,0,0,0
2440,31711,Dwight Chinese,中国星,1,0,0,0,1,0,0,0
2353,26109,Willow Garden,容园,0,0,0,0,0,1,0,0
2706,26544,Green Tea Garden,绿茶园,0,0,0,1,0,1,0,0
1129,6980,Golden China Buffet,龙祥,0,1,1,0,1,0,0,0
2572,1979,China Sea,东海,0,0,0,0,1,0,0,0
2919,27659,King Fong Chinese Restaurant,金丰,0,0,0,0,1,0,0,1
1287,14373,China Sea,东海,0,0,0,0,1,0,0,0
3170,666,King Garden,帝园,0,0,1,0,0,1,0,0
1333,5859,Super Garden,超园,0,0,1,0,0,1,0,0
561,27069,QQ Kitchen,QQ小吃,0,0,0,0,0,1,0,0
2000,29589,China Lily,百合,0,0,0,0,1,0,0,0
3822,9606,Chinatown Kitchen,中国城,0,0,0,0,1,1,0,0
3554,1922,China Express,兴隆,0,0,0,0,1,0,0,0
1145,26037,Mada-Sao,吞,0,0,0,0,0,0,0,1
444,25000,New China Restaurant,新中国,0,0,0,0,1,0,0,0
593,6745,Lucky Chinese & American Food Take Out,好运,0,0,1,0,1,0,0,0
621,5919,China Ichiban,一 级棒,0,0,0,0,1,0,0,1
1858,10086,M Star Cafe,明星茶餐厅,0,0,0,0,0,1,0,0
3128,5476,Spring Garden,阳春园,0,0,0,0,0,1,0,0
3319,14191,Hong Kong,香港,0,0,0,0,1,0,0,0
2946,25532,San Wok Express,三和,0,0,0,0,0,0,0,1
3832,5335,Lilac Blossom (Sky Meadow),紫丁香,0,0,1,0,0,0,0,0
982,5422,Chan's House,陈家搂,1,0,0,0,0,1,0,0
433,27107,Shihlin Fremont,士林,0,0,0,0,0,0,0,1
518,28218,New China,金国,0,0,0,0,1,0,0,0
1718,10912,Bund Dumpling House,富园小吃,0,1,0,0,0,1,0,0
3512,13911,Lee Lee's Hot Kitchen,利利小馆,1,0,0,0,0,1,0,0
2345,23120,Full Moon Mandarin Cuisine,富满美食,0,0,0,0,1,0,0,0
3550,12020,Mama Lee,一品香,1,0,0,0,0,1,0,0
866,33056,Oriental Garden,东方庭院,0,0,0,0,1,1,0,0
738,28313,Happy Dragon,成龙,0,0,1,1,0,0,0,0
535,12649,Szechuan Kitchen,川厨,0,0,0,0,1,1,0,0
3327,33213,Dragon Palace (Take out Only for Whole Day),龙宫,0,0,0,1,0,1,0,0
2461,20323,Hong Kong Chinese Restaurants,香港,0,0,0,0,1,0,0,0
1354,3226,Wok N Roll,长城,0,1,0,0,0,0,1,0
1140,22634,Noodle St,拉面街,0,1,0,0,0,1,0,0
3299,5184,Uncle Cheung's,张豪酒家,1,0,0,0,0,1,0,0
3768,2081,Shanghai Chinese Restaurant,上海,0,0,0,0,1,0,0,0
1678,8567,Great Wall,长城,0,0,0,1,0,0,0,0
1588,22011,Hui Tou Xiang,"
回头香",0,0,0,0,0,0,0,1
3935,14559,Cheng Du Chinese Restaurant,飘香成都,0,0,0,0,1,0,0,0
3072,19086,China Cafe,旺记,0,0,0,0,1,1,0,0
2224,18443,Jade Garden Chinese Cuisine,翠苑,0,0,1,0,1,1,0,0
2087,4256,China Kitchen Rest,鑫楼,0,0,0,0,1,1,0,0
3535,29470,Foo Yen,福,0,0,0,0,0,0,0,1
1737,27163,Far East sushi & Seafood,远东楼,0,1,0,0,1,0,0,0
1669,5444,Reren Lamen & Bar,"热人拉面
",0,1,0,0,0,1,0,1
1827,6233,China King,中皇,0,0,1,0,1,0,0,0
235,4682,Mu Lan Taiwanese Restaurant (Cambridge),木兰,0,0,0,1,1,0,0,0
1525,26836,Happy Garden Chinese Restaurant,乐园,0,0,1,0,1,1,0,0
2379,30502,Star Dragon,星龙,0,0,0,1,0,0,0,0
1892,19634,Nine Dragons,九龙,0,0,0,1,0,0,0,0
2717,26213,The Soup,"靓汤源
",0,1,0,0,0,0,0,0
912,17652,Hunan Chinese Amory,湖南,0,0,0,0,1,0,0,0
1610,30859,Giant Panda Chinese Restaurant,大熊猫,0,0,0,1,1,0,0,0
1116,31855,Golden Dragon Chinese Restaurant,金龙,0,0,1,1,1,0,0,0
2557,2434,China Delight,大中华烩餐,0,0,1,0,1,0,0,0
475,14897,Min's China City,中园,1,0,0,0,1,1,0,0
345,9810,New Yan Chun Kitchen Inc,春园,0,0,0,0,0,1,0,1
2243,25567,Sizzling Pot King,"香锅大王
",0,1,1,0,0,0,0,0
1177,13331,Dragon Villa,龙楼酒家,0,0,0,1,0,1,0,0
1149,9842,Wah Sang,华盛,0,0,0,0,0,0,0,1
3620,30382,New China Chinese Cuisine,新中国,0,0,0,0,1,0,0,0
3767,22632,Yi Mei,义美,0,0,0,0,0,0,0,1
821,17737,China Fun,中国,0,0,1,0,1,0,0,0
2262,8888,Golden Dragon,金龙,0,0,1,1,0,0,0,0
1202,17927,Trey Yuen Cuisine Of China,翠苑,0,0,0,0,1,0,0,1
2085,27870,Imperial Garden Restaurant,龙居,0,0,1,0,0,1,0,0
571,24522,Kowloon Kitchen,九龙,0,0,0,0,1,1,0,0
273,17517,Dragon City,龙城,0,0,0,1,0,1,0,0
2120,11744,Dim Sum Chinese Fast Food,点心,0,1,0,0,1,0,0,0
3300,25473,Chef Zhao Bistro,老赵川菜,1,0,1,0,0,1,0,0
8,27260,Taiwan Popcorn Chicken,台湾盐酥鸡,0,1,0,0,1,0,0,0
876,24503,China Garden Restaurant,嘉裕,0,0,0,0,1,1,0,0
2696,21469,No 1 Chinese BBQ,第一家,0,1,1,0,1,0,0,0
2963,9920,New Lake Pavilion,"新东云阁
",0,0,0,0,0,1,0,0
2893,21389,Jai Yun,佳园餐厅,0,0,0,0,0,0,0,1
381,31293,Shang Noodle & Chinese La Grange,尚面,0,1,0,0,1,0,0,1
2679,5430,Shuen Lee,"华丰
",0,0,0,0,0,0,0,1
1983,21527,Heng Fat,兴发,0,0,0,0,0,0,0,1
51,24456,Fire Wok Express,大快活,0,1,0,0,0,0,1,0
19,30817,Great Wall Restaurant,长城,0,0,0,1,0,0,0,0
1951,21313,Shanghai | Chinese Restaurant,上海小馆,0,0,0,0,1,0,0,0
3061,29103,Golden Harbor Grill,金色港湾,0,1,1,0,0,1,0,0
324,3896,Amore Eats,阿莫1店,0,0,0,0,0,1,1,0
125,5263,China Max,极品,0,0,1,0,1,0,0,0
3458,19721,Wong's Express,旺市,1,0,0,0,0,0,0,0
1684,8971,Tung Tin Chinese Restaurant,洞庭,0,0,0,0,1,0,0,1
3652,29672,China House,开城,0,0,0,0,1,1,0,0
3099,33089,China Chinese Restaurant,华城,0,0,0,0,1,0,0,0
859,25763,Quality Taste Pot,品味,0,1,1,0,0,0,0,0
3278,30549,Xin Xin,新兴,0,0,0,0,0,0,0,1
2139,13302,Sister's Chinese Restaurant,凤冈,0,0,0,0,1,1,0,0
3315,17989,Golden Phoenix,金凤,0,0,1,1,0,0,0,0
1278,5539,Taste of China,美味宫,0,0,0,0,1,0,0,0
2299,17736,China Garden,华园,0,0,0,0,1,1,0,0
3483,5246,Man Yee,万宜,0,0,0,0,0,0,0,1
882,26357,Cachanilla Chinese Restaurant,华庭海鲜馆,0,0,0,0,1,0,0,0
3494,29882,Bamboo Village Chinese Cafe,竹村,0,0,0,1,1,1,0,0
321,141,Imperial Wok,金城,0,1,1,0,0,0,0,0
3468,18592,"Great Wall Buffet(Dine in or order by menus,and to go)",长城,0,1,0,1,0,0,0,0
1500,675,Empire,之味馆,0,0,1,0,0,0,0,0
979,7164,Formosa,川味,0,0,0,0,1,0,0,0
226,1111,Li's Garden Chinese Restaurant,恒久,1,0,0,0,1,1,0,0
3556,3724,China Garden Restaurant,龙园,0,0,0,0,1,1,0,0
2030,13253,Golden China Restaurant,金华,0,0,1,0,1,0,0,0
3168,1715,C C Chinese Cooking,金城,0,0,0,0,1,0,0,0
3960,3249,Canton Cooks,美食轩,0,0,0,0,1,0,0,0
3683,18126,Yellow River Restaurant,何处觅小馆,0,0,0,1,0,0,0,0
1917,15749,Dragon Wall Restaurant,"
龙城",0,0,0,1,0,0,0,0
3810,30804,King's Wok Chinese Restaurant,天厨,0,1,1,0,1,0,0,0
24,21142,888 Bistro,大四川,0,0,1,0,0,1,0,0
2691,14161,Guangdong Taste,粤港澳,0,0,0,0,1,0,0,0
2552,11093,Rong Cheng House,朵颐食府,0,0,0,0,0,1,0,1
76,13728,China Dragon,兴龙,0,0,0,1,1,0,0,0
3830,679,EVER GREEN,长青,0,0,1,0,0,0,0,0
3503,12580,Panda Chinese Restaurant,辉煌,0,0,0,1,1,0,0,0
2690,13694,Yummy Cuisine,美味,0,0,1,0,0,0,0,0
62,10661,New Century,新世纪,0,0,0,0,0,0,0,0
171,3,Shanghai Gourmet,溢香邨,0,0,1,0,1,0,0,0
3626,30807,Imperial Garden | Chinese Restaurant,福临门,0,0,1,0,1,1,0,0
2567,10078,AweSum DimSum,一盅两件,0,1,0,0,0,0,1,0
2959,25531,V Garden,"顺利得饮食世界
",0,0,0,0,0,1,0,0
4002,31781,888 Bistro,川味,0,0,1,0,0,1,0,0
2809,32343,China King,中原,0,0,1,0,1,0,0,0
2598,10032,New York Canton Lounge,味悦轩,0,0,0,0,1,1,0,0
3447,18093,Hong Kong Chinese Restaurant,香港,0,0,0,0,1,0,0,0
3360,2367,Chinese Kitchen,食,0,0,0,0,1,1,0,0
3509,19456,New Mosa Asian Bistro .XiongFa Mosa LLC,亚,0,0,0,0,1,1,0,0
320,6639,Chan's Tea House,翠华,1,1,0,0,0,1,0,0
765,21514,Cheung Sheng Chinese Restaurant,长胜,0,0,0,0,1,0,0,1
554,30714,Panda Garden Buffet,熊猫园,0,1,0,1,0,1,0,0
239,3417,Happy Garden,囍囍,0,0,1,0,0,1,0,0
2756,30896,King Buffet,皇厨,0,1,1,0,0,0,0,0
1486,22929,Tea Leaf 2,秘苑,0,0,0,1,0,0,0,0
3267,33074,Grand Wok," 厚福
",0,1,1,0,0,0,0,0
654,13375,Best Eastern Restaurant,华东,0,0,1,0,1,0,0,0
2006,32808,Joy Garden,聚城,0,0,1,0,0,1,0,0
2533,638,China King,嘉辉,0,0,1,0,1,0,0,0
2322,7272,88 No.1 Chinese Kitchen,寿,0,0,1,0,1,1,0,0
1490,7857,Wah Sing II Chinese Restaurant,华星,0,0,0,0,1,0,0,1
1549,11493,Feng's Garden,聚丰园,1,0,0,0,0,1,0,0
2750,23714,Hong Kong Express,香港,0,0,0,0,1,0,0,0
1273,10065,Dunhuang,敦皇,0,0,0,0,0,0,0,1
3109,17495,Egg Roll House,春卷楼,0,1,0,0,0,1,0,0
3279,8634,Lin's Garden,林园,1,0,0,0,0,1,0,0
3142,18533,China Express,鸿发,0,0,0,0,1,0,0,0
2468,7495,China Star,中国城,0,0,0,0,1,0,0,0
576,9331,China Gourmet,华厨,0,0,1,0,1,0,0,0
2719,7078,Great Taste Chinese & American Food,好味,0,0,1,0,1,0,0,0
627,5458,Peking Garden Chinese Restaurant,北京园,0,0,0,0,1,1,0,0
2223,9686,Famous Sichuan,川外川,0,0,1,0,1,0,0,0
205,22982,Panda House,熊猫,0,0,0,1,0,1,0,0
2205,9903,Panda Asian Cuisine,熊猫,0,0,0,1,1,0,0,0
2242,31884,SZECHUAN TASTE CHAMPAIGN LLC,"功夫食坊
",0,0,0,0,1,0,0,0
2779,15264,China Kitchen,好味,0,0,0,0,1,1,0,0
2905,7070,China Taste,"
中国味",0,0,0,0,1,0,0,0
2984,9896,Golden Express Chinese Kitchen,金隆,0,0,1,0,1,1,0,0
2603,24750,Ming's Chinese Restaurant,明园,1,0,0,0,1,0,0,0
2098,25940,Four Seasons Gourmet Chinese Restaurant,四季美食,0,0,1,0,1,0,0,0
1452,31002,Ho Ho Chinese Kitchen,好好,0,0,0,0,1,1,0,1
3618,32062,New China Pearl,中国珍珠,0,0,1,0,1,0,0,0
258,7343,LI LAI chinese restaurant,利来,0,0,0,0,1,0,0,1
3124,28452,Lucky China,鸿运,0,0,1,0,1,0,0,0
3040,23430,Chopsticks House,屋,0,0,0,1,0,1,0,0
3834,21662,Chef King,相聚欢,0,0,1,0,0,0,0,0
3804,6699,Jade Garden,翠园,0,0,1,0,0,1,0,0
3156,11376,Hing Hung Kitchen,兴鸿,0,0,0,0,0,1,0,1
84,27277,Little Sichuan Restaurant,福恩园,0,0,0,0,1,0,0,0
2218,14563,Hunan Kitchen,湘湖饭店,0,0,0,0,1,1,0,0
232,6227,Bamboo Gardens,竹园,0,0,0,1,0,1,0,0
851,24969,Kunia Chinese Restaurant,冠利酒家,0,0,0,0,1,0,0,0
228,23754,Kuang's Kitchen,邝氏,1,0,0,0,0,1,0,0
15,3741,Golden Bowl,怡景,0,0,1,0,0,0,0,0
1440,18789,Asian Express,辉煌,0,0,0,0,1,0,0,0
3471,11453,Spiceville,香村一品,0,0,0,0,0,0,1,0
1766,8513,Liu's Kitchen,刘家园,1,0,0,0,0,1,0,0
1433,14983,Food Express Chinese Restaurant,先为食,0,0,0,0,1,0,0,0
2804,3402,Lotus Blossom,荷花,0,0,1,1,0,0,0,0
3335,15267,New Hong Kong Restaurant,新香港,0,0,0,0,1,0,0,0
739,29386,Lotus Palace Restaurant,莲花阁,0,0,0,1,0,1,0,0
645,15271,Happy Chinese Restaurant,康乐园,0,0,1,0,1,0,0,0
3833,22817,Best Taste Chinese and Sushi Restaurant,美味居,0,0,1,0,1,0,0,0
3520,18608,Panda Cuisine,蓉园,0,0,0,1,0,0,0,0
2938,3777,HOT POT CITY,"山城火锅
",0,1,0,0,0,1,0,0
1770,22917,Northern China Restaurant,红宝石,0,0,0,0,1,0,0,0
971,22691,Shanghai Yau Fat Restaurant,有发上海饭店,0,0,0,0,1,0,0,1
2666,26588,Old Pier Hong Kong BBQ,"老码头自助火锅
",0,1,0,0,1,0,0,0
1777,6155,New China King Asian Bistro,皇帝,0,0,1,0,1,1,0,0
2497,4313,Beijing House Restaurant,"
北京楼",0,0,0,0,1,1,0,0
1899,32918,Hong Kong Chinese Restaurant,香港,0,0,0,0,1,0,0,0
3677,19244,Tangs Express 88,唐,1,0,1,0,0,0,0,0
2895,25998,OK Noodle,西北拉面,0,1,0,0,0,0,0,0
3390,577,China Dragon,国龙,0,0,0,1,1,0,0,0
699,8743,Great Wall Restaurant,长城,0,0,0,1,0,0,0,0
691,23859,Chef Wu's,欢喜楼,1,0,1,0,0,0,0,0
2148,11003,China Garden,中国园,0,0,0,0,1,1,0,0
327,2810,Three Color Asian Kitchen,腾飞阁,0,0,0,0,1,1,0,0
3803,29427,Chopstick Inn,筷子楼,0,0,0,1,0,1,0,0
1152,4828,Lucky Corner,旺角,0,0,1,0,0,1,0,0
1883,11687,Chengs Oriental Express,"
邓家源南北风味",1,0,0,0,1,0,0,0
1226,13606,Empire Restaurant,帝国,0,0,1,0,0,0,0,0
3942,12473,Great China,中华,0,0,1,0,1,0,0,0
119,636,New Crownery Chinese Restaurant | Party Room/Catering,帝国,0,0,1,0,1,0,0,0
3454,20168,Yummy Street,敦煌食街,0,0,1,0,0,1,0,0
372,25872,Fortune Garden Chinese Restaurant,福满楼,0,0,1,0,1,1,0,0
2851,27367,Lucky Wok,华园,0,1,1,0,0,0,0,0
3054,30831,Shanghai Garden Chinese Restaurant,上海园,0,0,0,0,1,1,0,0
2277,8205,China King Restaurant,闽阁,0,0,1,0,1,0,0,0
3973,22488,Nice Day Chinese Seafood Restaurant,喜洋洋海鲜酒楼,0,1,1,0,1,0,0,0
3718,11887,Sunny Wok,升辉,0,1,1,0,0,0,0,0
396,22724,WangJia Restaurant,王家,0,0,0,0,0,0,0,1
960,28474,Uncle Chen's Hot Wok,川王,1,1,0,0,0,1,0,0
3039,26449,Triple 8 China Bar & Grill,发,0,1,1,0,1,0,0,0
1614,10324,Wild Ginger,山姜,0,0,0,0,0,0,0,0
2736,13433,Great Taste Chinese Restaurant,味中味,0,0,1,0,1,0,0,0
531,32702,Koi,大渔,0,0,0,1,0,0,0,0
2426,30883,Hong Kong,香港酒家,0,0,0,0,1,0,0,0
3763,26977,Z-One Kitchen,岐山肉夹馍,0,0,0,0,0,1,0,0
1268,221,King Wah Chinese Restaurant,琼华,0,0,0,0,1,0,0,1
2622,16291,Fong's Cafe,邝氏,1,0,0,0,0,1,0,0
2653,6998,Hing Wong,"
兴旺",0,0,0,0,0,0,0,1
2317,13418,Bamboo Garden Chinese Restaurant,竹园,0,0,0,1,1,1,0,0
229,32001,China Bowl,中华楼,0,0,0,0,1,0,0,0
756,29634,Dengs Garden,邓家园,1,0,0,0,0,1,0,0
2424,4683,Food Wall Chinese Restaurant,福城,0,0,0,0,1,0,0,0
2333,31785,Asian Bistro,雅轩,0,0,0,0,1,1,0,0
525,5232,Golden Koi,金锦鲤,0,0,1,1,0,0,0,0
717,14918,Shang Artisan Noodle,上面,0,1,1,0,0,0,0,1
3540,5688,Sang Kee Peking Duck House,生记烧腊,0,1,0,0,1,0,0,1
3090,28484,China House,旺村轩,0,0,0,0,1,1,0,0
2701,12223,El Pabellon De Oro,金阁,0,0,1,0,0,1,0,0
2020,21739,Candlelight Restaurant and Lounge,烛光,0,0,0,0,0,1,0,0
2003,28788,China 1,天香楼,0,0,0,0,1,0,0,0
3721,24450,Bamboo Panda,圆明园,0,0,0,1,0,0,0,0
3528,18165,Royal China Restaurant,中国楼,0,0,1,0,1,0,0,0
3610,8826,ShangShi,尚食,0,0,0,0,0,0,0,1
3608,7041,AH Topper Chinese & American Food,阿滔,0,0,1,0,1,0,0,0
547,16259,Hunan Chinese Restaurant,湖南,0,0,0,0,1,0,0,0
409,17884,Xing Wang,兴旺,0,0,0,0,0,0,0,1
930,297,China Gourmet,大三元,0,0,1,0,1,0,0,0
1054,20430,DFW China Town,达福中国城,0,0,0,0,1,1,0,1
922,7368,WIN WAH,云华楼,0,0,0,0,0,0,0,1
1666,14262,Tops China Restaurant,第一,0,0,1,0,1,0,0,0
3867,17926,Young's Fortune Restaurant,杨家福,1,0,1,0,0,0,0,0
524,30259,CHEF CHU'S,喜福局,1,0,1,0,0,0,0,0
2417,32013,Twin Dragons,龙,0,0,0,1,0,0,0,0
2829,15353,Hong Kong,香港,0,0,0,0,1,0,0,0
1564,21024,HK Dim Sum,香港点心城,0,1,0,0,1,0,0,0
2348,27373,Joy Food One,珍味园,0,0,1,0,0,0,0,0
1697,14276,Tray Ting House,"翠庭楼
",0,0,0,0,0,1,0,1
1247,5725,China Fortune,财进楼,0,0,1,0,1,0,0,0
889,31346,Great Wall of China,长城,0,0,0,1,1,0,0,0
2320,32899,China,华城,0,0,0,0,1,0,0,0
2763,19003,China Buffet,中国,0,1,0,0,1,0,0,0
1640,14173,Eastern Restaurant,东都,0,0,0,0,1,0,0,0
420,3266,Canton House Restaurant,富丽华酒楼,0,0,0,0,1,1,0,0
283,14137,Hunan Garden,湖南园,0,0,0,0,1,1,0,0
3254,580,Square Garden Chinese Restaurant,方园,0,0,0,0,1,1,0,0
3487,6122,China Fortune,福,0,0,1,0,1,0,0,0
2265,25377,Mr.Pang BBQ,胖哥烧烤,1,1,0,0,0,0,0,0
1366,16758,Ming House Chinese Restaurant,明屋小馆,1,0,0,0,1,1,0,0
53,23504,Fortune Gourmet Kitchen,幸福楼酒家,0,0,1,0,0,1,0,0
3057,104,China Garden,中华,0,0,0,0,1,1,0,0
1421,3762,CHINA EAST,中国园,0,0,0,0,1,0,0,0
2906,17691,China King Super Buffet,帝王,0,1,1,0,1,0,0,0
1253,23661,151 Days,鸡汤屋,0,0,0,0,0,0,0,0
2885,30145,Chang Jiang,"
长江",0,0,0,0,0,0,0,1
2214,29822,Yen Hing Dragon Restaurant,燃兴龙,0,0,0,1,0,0,0,1
2731,9270,China Town,"
中国城",0,0,0,0,1,1,0,0
2565,23713,Seafood Kingdom,皇朝大酒楼,0,1,1,0,0,0,0,0
3237,23852,Yummy Time,美味时光,0,0,1,0,0,0,0,0
980,6470,Yummi Japan,寿司,0,0,1,0,1,0,0,0
2101,28582,Jing Jing Garden,晶晶家园,0,0,0,0,0,1,0,1
3167,32508,Grandview Buffet,快乐庭,0,1,1,0,0,0,0,0
2944,19523,New China Restaurant,欣华,0,0,0,0,1,0,0,0
1875,23237,Blue Moon Cafe and Karaoke,"港式茶餐厅
",0,0,0,0,0,1,0,0
1362,14516,Golden Wok,金福,0,1,1,0,0,0,0,0
1186,15748,Double Dragon,双龙,0,0,0,1,0,0,0,0
1655,7248,Taste of China,中国风味,0,0,0,0,1,0,0,0
3466,4306,China House,华园,0,0,0,0,1,1,0,0
3193,20167,Tian Tian Lu Chuaner,天天,0,0,0,0,0,0,0,1
2123,26628,Little Skewer,从前的小酒馆,0,1,0,0,0,0,0,0
1686,15871,Yummy House,香满楼,0,0,1,0,0,1,0,0
777,29762,Hunan Palace,湖南宫,0,0,0,0,1,1,0,0
1977,13260,Lam's Garden,林园,1,0,0,0,0,1,0,0
2537,12869,Double Happiness Chinese Restaurant,囍,0,0,1,0,1,0,0,0
275,7411,Panda,熊猫,0,0,0,1,0,0,0,0
968,13363,Lamei Hot Pot,辣妹,0,1,0,0,0,0,0,1
1271,18558,Canton Garden,广东园,0,0,0,0,1,1,0,0
608,3369,Hong Kong Island Chinese Restaurant,香港楼,0,0,0,0,1,0,0,0
3818,12124,Double,得宝,0,0,0,0,0,0,1,0
1156,32478,Hunan Garden,湖南,0,0,0,0,1,1,0,0
1919,17411,A Taste of China,福园,0,0,0,0,1,0,0,0
3965,853,China One,锦辉,0,0,0,0,1,0,0,0
2227,4579,Asian Paradise,亚洲城,0,0,1,0,1,0,0,0
3875,9699,Elegant,富丽,0,0,1,0,0,0,0,0
99,5841,Hunan Star Restaurant,天湘楼,0,0,0,0,1,0,0,0
1736,20931,Peking Chinese Restaurant,北京,0,0,0,0,1,0,0,0
1224,22092,Golden Fountain Restaurant,金泉,0,0,1,0,0,0,0,0
3800,6287,China chef,唐宫,0,0,1,0,1,0,0,0
1682,10503,new King wok,金凤阁,0,1,1,0,0,0,0,0
3992,29685,Tsing Tsao South,青岛,0,0,0,0,1,0,0,0
1679,10953,NEW EAST WOK INC,东,0,1,0,0,1,0,0,0
2018,32128,King's Wok,皇厨,0,1,1,0,0,0,0,0
2450,8893,Sky Dragon,天龙,0,0,0,1,0,0,0,0
509,11359,Annie's First Wok,第一家,1,1,0,0,0,0,0,0
3397,28644,North Garden,北园,0,0,0,0,1,1,0,0
3929,20751,Run Da,红灯笼,0,0,0,0,0,0,0,1
1470,30298,Shanghai Bistro,上海,0,0,0,0,1,1,0,0
356,16695,Panda Buffet,满圆,0,1,0,1,0,0,0,0
953,3399,Red Leaves Restaurant,红叶,0,0,1,0,0,0,0,0
,,,,,,,,,,,122